{"cameraMode":{"drawMode":0,"name":"Shaded","section":"Shading Mode"},"sceneLighting":true,"audioPlay":false,"sceneViewState":{"m_AlwaysRefresh":false,"showFog":true,"showSkybox":true,"showFlares":true,"showImageEffects":true,"showParticleSystems":true,"showVisualEffectGraphs":true,"m_FxEnabled":true},"in2DMode":false,"pivot":{"x":-2.6643056869506838,"y":0.24874982237815858,"z":-3.873784065246582},"rotation":{"x":-0.04778996482491493,"y":-0.007893994450569153,"z":0.00037827074993401766,"w":-0.998830258846283},"size":0.8660253882408142,"orthographic":false}