{"cameraMode":{"drawMode":0,"name":"Shaded","section":"Shading Mode"},"sceneLighting":true,"audioPlay":false,"sceneViewState":{"m_AlwaysRefresh":false,"showFog":true,"showSkybox":true,"showFlares":true,"showImageEffects":true,"showParticleSystems":true,"showVisualEffectGraphs":true,"m_FxEnabled":true},"in2DMode":false,"pivot":{"x":-2.7477383613586427,"y":-13.906161308288575,"z":7.682779312133789},"rotation":{"x":-0.3436351418495178,"y":-0.011177700944244862,"z":0.004091077949851751,"w":-0.9390320777893066},"size":24.890729904174806,"orthographic":false}